year,t,t2,covid,C0_share,C1_share,C2_share,C3_share,C4_share,C5_share,C6_share,yhat_log,yhat
2025,25,625,0,0.3426314266637136,0.1337408438366516,0.1304641001808712,0.1084216785631642,0.1580202188832607,0.1133389354746094,0.0133827963977292,2.385797589994251,10.86772719956274
2026,26,676,0,0.3328419573304647,0.1299196768698901,0.1267365544614177,0.1053239163185024,0.1535053554865961,0.1386721087467634,0.0130004307863655,2.3733014538330144,10.732767593715051
2027,27,729,0,0.3230524879972157,0.1260985099031286,0.1230090087419643,0.1022261540738405,0.1489904920899315,0.1640052820189174,0.0126180651750018,2.3557557380224043,10.54609593649274
2028,28,784,0,0.3132630186639668,0.1222773429363672,0.1192814630225108,0.0991283918291787,0.1444756286932669,0.1893384552910714,0.0122356995636381,2.3331604425624186,10.310475761117704
2029,29,841,0,0.3034735493307178,0.1184561759696057,0.1155539173030573,0.0960306295845169,0.1399607652966023,0.2146716285632254,0.0118533339522744,2.3055155674530585,10.029347724966946
2030,30,900,0,0.2936840799974688,0.1146350090028442,0.1118263715836039,0.092932867339855,0.1354459018999377,0.2400048018353794,0.0114709683409107,2.2728211126943236,9.706746048440785
2031,31,961,0,0.2838946106642199,0.1108138420360827,0.1080988258641504,0.0898351050951932,0.1309310385032731,0.2653379751075335,0.011088602729547,2.235077078286215,9.347202290764669
2032,32,1024,0,0.2741051413309708,0.1069926750693212,0.1043712801446969,0.0867373428505314,0.1264161751066085,0.2906711483796875,0.0107062371181833,2.1922834642287308,8.955639666997303
2033,33,1089,0,0.2643156719977219,0.1031715081025598,0.1006437344252435,0.0836395806058695,0.1219013117099439,0.3160043216518415,0.0103238715068197,2.144440270521873,8.537261342858905
2034,34,1156,0,0.2545262026644729,0.0993503411357983,0.09691618870579,0.0805418183612077,0.1173864483132793,0.3413374949239955,0.009941505895456,2.091547497165639,8.097436233266887
2035,35,1225,0,0.244736733331224,0.0955291741690368,0.0931886429863366,0.0774440561165459,0.1128715849166148,0.3666706681961496,0.0095591402840923,2.033605144160032,7.641585777650679
2036,36,1296,0,0.234947263997975,0.0917080072022754,0.0894610972668831,0.074346293871884,0.1083567215199501,0.3920038414683034,0.0091767746727286,1.9706132115050496,7.175074978132696
2037,37,1369,0,0.2251577946647261,0.0878868402355139,0.0857335515474296,0.0712485316272222,0.1038418581232856,0.4173370147404576,0.0087944090613649,1.9025716992006927,6.703110679675876
2038,38,1444,0,0.2153683253314771,0.0840656732687524,0.0820060058279762,0.0681507693825603,0.099326994726621,0.4426701880126116,0.0084120434500012,1.829480607246961,6.230649663679615
2039,39,1521,0,0.2055788559982282,0.0802445063019909,0.0782784601085227,0.0650530071378985,0.0948121313299564,0.4680033612847656,0.0080296778386375,1.7513399356438548,5.762318641541702
2040,40,1600,0,0.1957893866649792,0.0764233393352295,0.0745509143890692,0.0619552448932367,0.0902972679332918,0.4933365345569196,0.0076473122272738,1.668149684391374,5.3023476981334055
2041,41,1681,0,0.1859999173317303,0.072602172368468,0.0708233686696158,0.0588574826485748,0.0857824045366272,0.5186697078290736,0.0072649466159101,1.5799098534895193,4.85451817363856
2042,42,1764,0,0.1762104479984813,0.0687810054017065,0.0670958229501623,0.055759720403913,0.0812675411399626,0.5440028811012277,0.0068825810045464,1.4866204429382892,4.422125411922783
2043,43,1849,0,0.1664209786652323,0.064959838434945,0.0633682772307089,0.0526619581592512,0.076752677743298,0.5693360543733816,0.0065002153931827,1.388281452737685,4.0079562687707035
2044,44,1936,0,0.1566315093319834,0.0611386714681836,0.0596407315112554,0.0495641959145893,0.0722378143466334,0.5946692276455356,0.006117849781819,1.2848928828877058,3.614280785160715
2045,45,2025,0,0.1468420399987344,0.0573175045014221,0.0559131857918019,0.0464664336699275,0.0677229509499688,0.6200024009176898,0.0057354841704553,1.1764547333883515,3.2428570065154583
2046,46,2116,0,0.1370525706654854,0.0534963375346606,0.0521856400723484,0.0433686714252657,0.0632080875533042,0.6453355741898438,0.0053531185590916,1.062967004239623,2.8949475813310226
2047,47,2209,0,0.1272631013322364,0.0496751705678991,0.048458094352895,0.0402709091806038,0.0586932241566396,0.6706687474619977,0.004970752947728,0.94442969544152,2.5713465097111605
2048,48,2304,0,0.1174736319989875,0.0458540036011377,0.0447305486334415,0.037173146935942,0.0541783607599751,0.6960019207341518,0.0045883873363643,0.8208428069940434,2.272414237296888
2049,49,2401,0,0.1076841626657385,0.0420328366343762,0.0410030029139881,0.0340753846912801,0.0496634973633105,0.7213350940063058,0.0042060217250006,0.6922063388971913,1.998119201579986
2050,50,2500,0,0.0978946933324896,0.0382116696676147,0.0372754571945346,0.0309776224466183,0.0451486339666459,0.7466682672784598,0.0038236561136369,0.5585202911509628,1.7480839303428943
2051,51,2601,0,0.0881052239992406,0.0343905027008532,0.0335479114750811,0.0278798602019565,0.0406337705699813,0.7720014405506139,0.0034412905022732,0.4197846637553628,1.521633857416681
2052,52,2704,0,0.0783157546659916,0.0305693357340917,0.0298203657556277,0.0247820979572946,0.0361189071733167,0.7973346138227677,0.0030589248909095,0.275999456710386,1.3178471480544405
2053,53,2809,0,0.0685262853327427,0.0267481687673303,0.0260928200361742,0.0216843357126328,0.0316040437766521,0.8226677870949219,0.0026765592795458,0.1271646700160358,1.1356040023149625
2054,54,2916,0,0.0587368159994937,0.0229270018005688,0.0223652743167207,0.018586573467971,0.0270891803799875,0.848000960367076,0.0022941936681821,-0.0267196963276892,0.9736341164969629
2055,55,3025,0,0.0489473466662448,0.0191058348338073,0.0186377285972673,0.0154888112233091,0.0225743169833229,0.8733341336392298,0.0019118280568184,-0.1856536423207901,0.8305612164244721
2056,56,3136,0,0.0391578773329958,0.0152846678670459,0.0149101828778138,0.0123910489786473,0.0180594535866583,0.8986673069113839,0.0015294624454547,-0.3496371679632637,0.7049438195242475
2057,57,3249,0,0.0293684079997468,0.0114635009002844,0.0111826371583603,0.0092932867339855,0.0135445901899937,0.924000480183538,0.001147096834091,-0.5186702732551125,0.5953116236839191
2058,58,3364,0,0.0195789386664979,0.0076423339335229,0.0074550914389069,0.0061955244893236,0.0090297267933291,0.949333653455692,0.0007647312227273,-0.692752958196337,0.5001971500397282
2059,59,3481,0,0.0097894693332489,0.0038211669667614,0.0037275457194534,0.0030977622446618,0.0045148633966645,0.974666826727846,0.0003823656113636,-0.8718852227869345,0.4181624762632625
2060,60,3600,0,0.0,0.0,0.0,0.0,0.0,1.0,0.0,-1.0560670670269077,0.347821080809037
